user_id,name,email,location,signup_date
5000,Michelle Harris,william40@example.org,North Macedonia,2023-11-30
5001,Aaron Wise,evan78@example.net,Japan,2024-03-10
5002,Tony Vazquez,amydavenport@example.net,Micronesia,2023-05-13
5003,Eric Nolan,nolanjason@example.org,Papua New Guinea,2023-04-10
5004,Stacey Russell,sarayoung@example.org,South Georgia and the South Sandwich Islands,2024-09-08
5005,Allison Doyle,kimberly63@example.com,Cayman Islands,2024-08-22
5006,Shane Garrison,jamessellers@example.com,Gambia,2024-09-15
5007,Courtney Keller,emurphy@example.com,Guernsey,2024-05-07
5008,William Herrera,wilsontara@example.org,Mozambique,2024-12-28
5009,Brian Hamilton,samuel81@example.com,United Arab Emirates,2024-03-21
5010,Michael Smith,michaeljones@example.net,Uruguay,2023-09-23
5011,Ryan Cortez,william65@example.com,Qatar,2023-08-29
5012,Jason Bentley,christinaturner@example.net,Syrian Arab Republic,2023-01-25
5013,Jeffrey Carpenter,steven73@example.net,Lebanon,2024-08-27
5014,Nancy Hopkins,zachary95@example.org,Svalbard & Jan Mayen Islands,2024-12-20
5015,Eric Drake,andrewsanchez@example.com,New Zealand,2024-10-07
5016,Jason Soto,jennifercruz@example.com,Ecuador,2023-05-12
5017,Stephanie Dalton,osbornejeffery@example.net,Maldives,2023-12-30
5018,Sylvia Martinez,lauriecontreras@example.net,Nepal,2023-09-13
5019,Jessica Briggs,jrivas@example.com,Ukraine,2023-05-21
5020,Joanna Walton,katie87@example.net,Dominican Republic,2023-08-13
5021,Dustin Nelson,patricia12@example.org,Djibouti,2023-10-31
5022,Daniel Perry,amy60@example.org,Syrian Arab Republic,2023-11-28
5023,Lauren Dominguez,wwoods@example.com,Sao Tome and Principe,2023-11-06
5024,Sara Medina,tracynelson@example.com,Antarctica (the territory South of 60 deg S),2023-11-05
5025,Rebecca Ramsey,ncalhoun@example.net,Anguilla,2024-11-17
5026,Mary Miller,dtaylor@example.org,Australia,2023-08-03
5027,Jesse Rogers,aramirez@example.com,Syrian Arab Republic,2023-03-25
5028,Joshua Cooke,jeffrey10@example.org,Zambia,2023-07-24
5029,Lisa Allen,kcaldwell@example.org,Lao People's Democratic Republic,2024-06-19
5030,Carol Lawson,stricklandfrank@example.com,Botswana,2024-03-23
5031,Laura Odonnell,tsanders@example.org,Belarus,2024-04-01
5032,Dana Terry,melissa91@example.net,Slovenia,2023-02-24
5033,Mary Jones,alexander67@example.org,Jersey,2024-12-27
5034,Sandra Zimmerman,hthompson@example.net,Faroe Islands,2024-04-19
5035,Patricia Marshall,marcus31@example.com,Turkmenistan,2023-12-20
5036,Laura Barnett,anthony52@example.com,Croatia,2023-10-11
5037,Douglas Carlson,angela83@example.org,Dominican Republic,2024-07-04
5038,Peter Vaughn DDS,bwest@example.org,French Polynesia,2023-07-05
5039,Elizabeth Perkins,wtran@example.com,Samoa,2024-03-02
5040,Jesse Parker,davidlee@example.org,Samoa,2024-02-20
5041,Cathy Robinson,lhill@example.net,Nepal,2023-08-19
5042,Cory Perez,kevinerickson@example.org,Falkland Islands (Malvinas),2023-02-27
5043,Edgar Raymond,agarcia@example.net,Finland,2024-01-03
5044,Cody Williams,ewilson@example.com,Liechtenstein,2023-03-20
5045,Amy Hernandez,christopher31@example.net,Serbia,2023-11-25
5046,Lisa Rowe,chayes@example.com,Tokelau,2024-03-30
5047,Keith Brown,mezajared@example.org,Estonia,2024-05-21
5048,Christopher Jones,ortizhannah@example.com,French Guiana,2023-02-17
5049,Douglas Heath,mcdanielsandra@example.net,Namibia,2024-05-22
5050,Jessica Stephens,rebekahserrano@example.org,Bahamas,2023-05-26
5051,Paul Carroll,scott74@example.net,Iraq,2024-12-14
5052,Katherine Miller,prestonjessica@example.net,El Salvador,2023-02-12
5053,Michael Valencia,keyemily@example.com,Morocco,2023-02-23
5054,Julie Pearson,howard96@example.net,Suriname,2024-01-19
5055,Gregory Cook,hodgemark@example.net,Lithuania,2023-08-23
5056,Robin Pierce,qmiller@example.com,Brazil,2025-01-03
5057,Jose Travis,mgutierrez@example.net,Guyana,2024-04-24
5058,Mr. Anthony Adams Jr.,samuel71@example.org,Norfolk Island,2024-04-14
5059,Christopher Pierce,hdavis@example.com,Yemen,2023-04-20
5060,Kathleen Moran,robert77@example.org,Korea,2024-03-02
5061,Thomas Romero,michellehill@example.com,Guam,2024-12-07
5062,Samantha Campbell,mary97@example.org,Kiribati,2024-02-22
5063,Juan Daniels,mcantu@example.net,Dominican Republic,2024-03-17
5064,Reginald Williams,zthornton@example.com,Hungary,2025-01-16
5065,Marissa Hernandez,martineztammy@example.com,Trinidad and Tobago,2023-04-08
5066,Ariana Lozano,bowenrobert@example.net,Cape Verde,2023-03-20
5067,Deborah Hanson,vsantos@example.net,Togo,2024-02-19
5068,Lori Clay,cbrennan@example.net,Bangladesh,2023-07-15
5069,Donna Perez,hamiltoncorey@example.net,Romania,2024-10-23
5070,Michael Berger,nguyenbrian@example.com,Holy See (Vatican City State),2023-12-05
5071,Jason Maldonado,georgemiller@example.com,Niger,2024-06-07
5072,Mr. David Little MD,nolansteven@example.com,Philippines,2024-02-28
5073,Tony Huerta,danielle64@example.com,Tanzania,2023-09-02
5074,Dr. Ashley James MD,victoria40@example.net,Indonesia,2023-08-13
5075,Melissa Garner,lozanojulie@example.com,Singapore,2024-08-30
5076,Heather Fields,erica21@example.net,Oman,2023-02-22
5077,Amanda Diaz,christopherphillips@example.net,Israel,2023-06-02
5078,Joshua Mata,maria47@example.com,San Marino,2024-10-22
5079,Julie Jones,michelleramsey@example.com,Tanzania,2024-09-04
5080,Richard Smith,gibsonemily@example.net,Estonia,2024-03-27
5081,Teresa Rodriguez,thomasharvey@example.net,Greece,2024-11-24
5082,Arthur Colon,debra12@example.org,Yemen,2023-02-21
5083,Audrey Young DDS,qchavez@example.net,Qatar,2024-12-16
5084,Patrick Moore,fpena@example.net,Ireland,2024-12-11
5085,Michael Robinson,xsampson@example.org,Poland,2023-10-20
5086,Maria Brown,james17@example.org,Panama,2023-06-29
5087,Tricia Williams,john29@example.org,Bangladesh,2024-09-22
5088,Laurie Li,markhernandez@example.net,Afghanistan,2023-08-15
5089,Dr. Kimberly Lindsey,guerreroanthony@example.org,Guinea-Bissau,2024-08-24
5090,Franklin Thompson,martinezrobert@example.org,Samoa,2023-03-12
5091,Ivan Wheeler,ngordon@example.org,Saint Lucia,2024-08-19
5092,Kelly Ellis,browntimothy@example.com,Japan,2024-06-09
5093,Theodore Jones Jr.,cameronhill@example.net,Myanmar,2024-02-29
5094,Zachary Schmidt,bwagner@example.org,South Africa,2024-06-21
5095,Marilyn Mack,russellbeasley@example.com,Guadeloupe,2024-09-20
5096,Nicholas Edwards,elizabeth52@example.net,Uzbekistan,2024-01-06
5097,Bradley Reynolds,lisa80@example.net,Zimbabwe,2024-03-10
5098,Bryan Gomez,uparrish@example.org,France,2024-04-07
5099,Kenneth Lewis,gwalker@example.com,Tanzania,2024-03-06
5100,Donald Perez,xbruce@example.net,Nicaragua,2024-06-01
5101,Lisa Barrett,anthony44@example.com,Guernsey,2023-01-29
5102,Kylie Morales,joycebonilla@example.org,San Marino,2024-02-16
5103,Jesse Moore,jennifer99@example.org,Turks and Caicos Islands,2023-03-04
5104,Luke Craig,scott67@example.net,Kenya,2023-11-23
5105,Jose Reed,campbellerika@example.com,Malta,2024-05-26
5106,James Greene,harrissierra@example.org,Serbia,2023-07-30
5107,Adam Burgess,davidpatel@example.org,Macao,2024-03-08
5108,Heather Sanders,grahamsteve@example.org,Tokelau,2023-09-10
5109,Jared Bowman,darius05@example.org,Spain,2024-12-17
5110,Michael Cox,prichard@example.com,Namibia,2023-11-13
5111,Seth Reese,masonjackson@example.net,North Macedonia,2023-04-18
5112,Susan Bailey,joelthomas@example.org,China,2024-04-09
5113,Mary Thompson,kmarshall@example.net,Kiribati,2024-06-05
5114,Maria Downs,michelle52@example.com,Bangladesh,2024-01-02
5115,Rebecca Vargas,william47@example.com,Argentina,2023-03-07
5116,Angela Lin,gilbertwilliam@example.com,Mozambique,2024-03-05
5117,Stephanie Cole,marcalvarez@example.org,Bahamas,2023-12-20
5118,Sara Haas,wagnergerald@example.org,Russian Federation,2023-12-11
5119,Joseph Moore,samantha66@example.com,Philippines,2024-04-06
5120,Maria Jones,grantpaul@example.com,Saint Kitts and Nevis,2024-10-08
5121,Lindsey Hernandez,aguilardonald@example.com,Georgia,2025-01-01
5122,Jenna Larson,collinsnicholas@example.com,Suriname,2023-04-28
5123,Theresa Osborn,lucasrodney@example.com,Andorra,2023-10-17
5124,Daniel Meza,ilee@example.org,Belarus,2023-08-29
5125,Katie Fernandez,stanleynancy@example.net,Bulgaria,2024-04-05
5126,Christopher Schwartz,jenniferwilliams@example.com,Philippines,2024-07-04
5127,Lisa Goodwin,pyoung@example.com,Sudan,2024-08-20
5128,Cheyenne Gregory,smurray@example.com,Macao,2024-02-14
5129,Ruth Solis,moniquewilliams@example.com,Tunisia,2023-10-23
5130,Michelle Black,mitchellkathryn@example.com,Korea,2024-11-16
5131,Jeffrey Potts,lisawilkerson@example.org,Israel,2023-03-04
5132,Cynthia Vang,jeffrey51@example.net,Pakistan,2023-09-27
5133,Andrew Lowery,ihorton@example.net,Latvia,2023-12-18
5134,Bobby Scott,anaacosta@example.net,Jamaica,2023-04-16
5135,Eric Williams,nfowler@example.com,Bahrain,2023-04-16
5136,Linda Smith,jennifercarter@example.org,Nicaragua,2023-10-09
5137,Chelsea Barnett,carlos88@example.net,Solomon Islands,2025-01-16
5138,Jeanette Harrison,qzavala@example.net,Andorra,2023-10-13
5139,David Sandoval,ingramjill@example.com,Burkina Faso,2023-02-26
5140,Robin Thompson,epollard@example.net,Cocos (Keeling) Islands,2024-09-09
5141,Ricardo Ellis,james30@example.com,Venezuela,2023-09-08
5142,Robert Kennedy,mullinsjames@example.com,Tokelau,2024-08-17
5143,Evelyn Martinez,samuel67@example.com,Guadeloupe,2025-01-05
5144,Jonathan Glass MD,acostachristian@example.net,Swaziland,2023-06-05
5145,Brian Murphy,kirk96@example.org,Portugal,2023-12-15
5146,Nicholas Buck,yhill@example.org,Belarus,2024-05-29
5147,Jose Brady,stephaniethomas@example.net,Philippines,2024-08-18
5148,Austin Osborne,michael90@example.net,Cape Verde,2024-06-04
5149,Jacqueline Hines,alyssasanders@example.net,Fiji,2023-07-26
5150,Noah Porter,hmcintyre@example.com,Singapore,2023-08-03
5151,Zachary Mitchell,igonzalez@example.org,Korea,2023-05-31
5152,Yolanda Cochran,elizabeth18@example.net,French Guiana,2024-11-06
5153,Michelle Ho,laurahicks@example.org,Cook Islands,2024-08-26
5154,Johnny Ward,tanner82@example.net,Turks and Caicos Islands,2023-03-29
5155,Zachary Higgins,khammond@example.org,Brunei Darussalam,2025-01-04
5156,Joanna Frazier,david89@example.org,Seychelles,2024-12-31
5157,Thomas Brown,holmeskevin@example.org,Gibraltar,2024-12-08
5158,Travis Stone,meghan43@example.net,Zimbabwe,2024-03-02
5159,Eric Ferguson,brittanycarpenter@example.org,Palestinian Territory,2024-04-25
5160,Gail Bradshaw,bryananthony@example.org,Yemen,2024-05-07
5161,Marilyn Wang,bmontgomery@example.com,Tuvalu,2024-04-27
5162,Tyler Webb,eevans@example.net,Bahamas,2023-05-20
5163,John Peterson,larryhiggins@example.net,Tokelau,2023-10-04
5164,Philip Robertson,floressteven@example.com,Korea,2023-07-25
5165,Dylan Cruz,kwright@example.com,Vietnam,2024-03-22
5166,Phillip Jimenez,tjimenez@example.com,Angola,2023-03-31
5167,Jim Allen,brandon47@example.net,Turkmenistan,2024-10-02
5168,Donna Smith,jordannicole@example.net,Haiti,2024-08-05
5169,James Hudson,michaelroberts@example.com,Madagascar,2023-12-20
5170,Samantha Hanson,andersoncolin@example.com,South Africa,2025-01-15
5171,Holly Thomas,cporter@example.org,Burundi,2024-06-29
5172,Kelly Hernandez,markaustin@example.org,India,2025-01-18
5173,Elizabeth Rogers,terickson@example.com,Suriname,2023-02-06
5174,Brian Butler,laura09@example.com,Estonia,2024-12-31
5175,Paula Lane,silvageorge@example.net,Saint Helena,2024-04-22
5176,Brittany Becker,armstrongjackie@example.org,Andorra,2023-12-13
5177,Jason Harris,vsalas@example.net,Bahamas,2024-06-23
5178,Kristina Bolton,ufox@example.org,Kuwait,2024-11-21
5179,Hector Ingram,chelsea33@example.com,Moldova,2023-08-31
5180,Vickie Wise,hannahburns@example.com,Guernsey,2024-03-09
5181,Mikayla Roberts,zhuang@example.com,Zimbabwe,2024-08-12
5182,Andrew Moses,reedscott@example.com,San Marino,2024-01-10
5183,Joshua Fitzpatrick,derrick99@example.org,Ecuador,2023-03-03
5184,Courtney Hall,gutierrezjennifer@example.org,Pitcairn Islands,2024-08-10
5185,Joshua Hickman,edelgado@example.com,Pakistan,2023-06-19
5186,Erica Brewer,pearsonjesse@example.net,Saint Kitts and Nevis,2024-10-07
5187,Thomas Butler,sarahjohnson@example.com,Solomon Islands,2024-01-22
5188,Tonya Howe,smithashley@example.org,Vanuatu,2025-01-12
5189,William Daniels,ismall@example.net,Lao People's Democratic Republic,2023-08-12
5190,Erin Simon,jennifer05@example.com,Montenegro,2024-05-31
5191,Levi Fowler,gwilcox@example.com,Benin,2023-11-14
5192,William Woods,adamreyes@example.com,Sao Tome and Principe,2023-08-08
5193,Kevin Berry,desiree30@example.net,British Indian Ocean Territory (Chagos Archipelago),2023-12-31
5194,Michael Leblanc,hannah45@example.net,Cyprus,2023-07-04
5195,Christian Adkins,robert87@example.net,Spain,2024-05-24
5196,David Fischer,foxallison@example.com,Belarus,2024-11-25
5197,Ronald Leach,ashleyhernandez@example.com,Timor-Leste,2024-02-09
5198,Daniel Aguilar,nolansean@example.org,Korea,2023-05-01
5199,Justin Hansen,jennifer64@example.org,Samoa,2023-07-03
5200,Jeff Graves,michaelcesar@example.com,Antigua and Barbuda,2023-08-22
5201,Chad May,ybrooks@example.com,Trinidad and Tobago,2024-11-25
5202,Bobby Brandt,desireebailey@example.org,Mauritania,2023-11-08
5203,William Davenport,goodsteven@example.net,Mayotte,2023-12-01
5204,David Murray,joshuapineda@example.net,Serbia,2023-04-17
5205,Jennifer Miranda,allencarlos@example.net,Antigua and Barbuda,2023-12-17
5206,Shelby Sanchez,moralesjimmy@example.org,Saudi Arabia,2024-10-17
5207,Jonathan Roberts,barbara53@example.com,Turkey,2023-05-09
5208,Connie Turner,hawkinsbrittany@example.net,United States Minor Outlying Islands,2023-06-02
5209,Kristi Williams,shelly68@example.com,Qatar,2023-11-25
5210,James Webster,oallen@example.com,Togo,2024-06-25
5211,Suzanne Hart,igrant@example.com,Ecuador,2023-07-30
5212,Bob Cole,christopher30@example.com,Honduras,2024-05-31
5213,Shelly Lopez,timothybooth@example.com,Gabon,2024-12-24
5214,Timothy Hayden,burgesskaren@example.org,Qatar,2024-04-10
5215,Thomas Arnold,oscar85@example.com,Eritrea,2023-10-14
5216,Julie Lang,ugill@example.org,Heard Island and McDonald Islands,2023-09-10
5217,Sean Figueroa,greensarah@example.net,Saint Helena,2023-11-26
5218,Gary James,victorpena@example.net,Guadeloupe,2023-08-01
5219,Tracy May,umurray@example.com,Chile,2023-05-07
5220,Catherine Preston,warrenmary@example.org,Western Sahara,2024-09-13
5221,Aaron Taylor,carloshernandez@example.org,Madagascar,2023-12-24
5222,Mark Peck,bhopkins@example.org,Martinique,2024-03-03
5223,Joseph Hill,andre62@example.org,Uruguay,2023-04-05
5224,Corey Fox,joseph61@example.com,Iraq,2023-12-26
5225,Michael Evans,valdezmichele@example.org,Bermuda,2023-11-17
5226,John Walsh,christopherbruce@example.net,Slovenia,2023-09-24
5227,Valerie Jacobson,hallrachel@example.net,Tuvalu,2024-03-14
5228,Thomas Cohen,rachel90@example.org,Vanuatu,2024-10-07
5229,Daniel Thomas,thickman@example.org,Mongolia,2023-07-19
5230,Jasmine Mosley,patrick21@example.net,Samoa,2025-01-06
5231,Jeffrey Roberson,cassie99@example.com,Singapore,2023-09-20
5232,Rachel Hayes,michaelpugh@example.com,Colombia,2024-06-04
5233,Angelica Montgomery,jennifermiller@example.org,Hong Kong,2024-06-28
5234,Nancy Stewart,davissherry@example.com,Guyana,2024-08-03
5235,Brandon Jordan,fgarcia@example.com,Micronesia,2023-04-03
5236,Erika Cruz,robert18@example.org,Montserrat,2024-02-09
5237,Caroline Adams,trevor12@example.com,Falkland Islands (Malvinas),2023-11-28
5238,Mr. David Wright,mwheeler@example.com,Botswana,2023-05-04
5239,James Skinner,vbrock@example.com,Grenada,2023-12-05
5240,Marilyn Wheeler,malik37@example.com,Christmas Island,2024-12-30
5241,Doris Neal,yfaulkner@example.org,Greece,2023-10-26
5242,Jenna Wilson,brittanygardner@example.net,Seychelles,2024-03-02
5243,Julia Erickson,ssalinas@example.org,Svalbard & Jan Mayen Islands,2024-10-05
5244,Megan Taylor,john26@example.com,Barbados,2023-12-19
5245,Lauren Ferguson,ystephens@example.com,Reunion,2024-11-09
5246,Margaret Miller,dianekelly@example.net,New Zealand,2023-02-26
5247,Miss Jennifer Goodwin,grodriguez@example.com,Cyprus,2024-02-02
5248,Lauren Johnston,dbrooks@example.net,Namibia,2024-06-12
5249,Zachary Webb,robert11@example.net,Cambodia,2023-10-06
5250,Richard Boyd,thomas77@example.com,Bangladesh,2023-09-01
5251,Ashley Sweeney,byrdfrank@example.net,Ecuador,2024-02-06
5252,Erin Simmons,zhall@example.net,Colombia,2023-06-10
5253,Jennifer Mclaughlin,shannonjordan@example.org,Romania,2023-07-01
5254,Michael Flynn,lloydamanda@example.com,Greece,2023-06-18
5255,Michael Burns,candice96@example.net,Brazil,2023-10-06
5256,Lisa Cervantes,samantha91@example.net,Burkina Faso,2023-09-10
5257,Bruce Brooks,williambarnes@example.org,Morocco,2023-11-01
5258,Mark Steele,angelaburns@example.org,Colombia,2023-09-11
5259,Anthony Howard,washingtonjames@example.com,Monaco,2024-01-29
5260,Michael Perry PhD,kjackson@example.org,South Africa,2024-08-03
5261,Donald Medina,kimberlycunningham@example.com,Mexico,2024-02-02
5262,Debra Daniels,amber07@example.net,Cuba,2025-01-17
5263,Ronald Potter,nancy07@example.com,Guernsey,2024-10-16
5264,Sean Wilson,jasonrojas@example.net,Guernsey,2024-10-15
5265,Jessica Jensen,lisatrujillo@example.net,Guernsey,2024-02-18
5266,Caroline Werner,keith48@example.net,Suriname,2023-04-04
5267,Rachel Sellers,michelle22@example.org,Cameroon,2024-06-28
5268,Pam Lowe,othomas@example.com,Niue,2023-11-23
5269,Mark Beard,powellkara@example.net,Vietnam,2024-10-27
5270,John Perkins,simonstephen@example.net,Qatar,2023-10-13
5271,Joseph Robinson,fsummers@example.com,Gibraltar,2024-09-21
5272,Kenneth Knight,rkramer@example.org,Aruba,2023-04-07
5273,Julia Martinez,scottsmith@example.com,Cook Islands,2025-01-21
5274,Sonia Turner,clarence54@example.org,Holy See (Vatican City State),2024-05-24
5275,Amber Garrett,rubendavis@example.org,Afghanistan,2023-06-30
5276,Kevin Stone,ssmith@example.com,Svalbard & Jan Mayen Islands,2023-04-23
5277,Melissa Woods,patrickcross@example.org,Bosnia and Herzegovina,2023-09-11
5278,Breanna Ayala,darlenebyrd@example.org,Marshall Islands,2024-03-11
5279,Carly Bell,courtneyhernandez@example.com,Nicaragua,2024-06-09
5280,Angelica Garcia,lawrencepatrick@example.com,Germany,2024-08-25
5281,Matthew Wright,kimberly04@example.org,Maldives,2024-04-12
5282,James Lucas,troyrodriguez@example.com,Northern Mariana Islands,2024-04-03
5283,Vanessa Hatfield,david96@example.com,Mayotte,2024-06-07
5284,Tiffany Townsend,matthewsalexander@example.org,Armenia,2024-11-29
5285,Jennifer Mitchell,zhenderson@example.org,Northern Mariana Islands,2024-02-21
5286,Diamond Collins,terrimoore@example.com,India,2024-03-28
5287,Marie Day,holly30@example.org,Benin,2024-11-30
5288,Logan Brown,davidzimmerman@example.net,Algeria,2023-05-24
5289,Kelly Logan,gary24@example.net,Turks and Caicos Islands,2023-04-21
5290,Frances Patterson,bakertheresa@example.net,Belarus,2024-01-22
5291,Amy Villarreal,michaelscott@example.org,Uganda,2024-03-19
5292,Crystal Hicks,trevinoalexander@example.org,Latvia,2023-10-18
5293,Cassidy Horne,tranrobin@example.net,Palau,2023-11-27
5294,Jason Cortez,margaret95@example.org,Macao,2024-05-31
5295,Daniel Black,finleycasey@example.com,Tonga,2023-08-19
5296,Erin Tran,woodkelly@example.com,Saint Vincent and the Grenadines,2024-04-24
5297,Kevin Snyder,jessicapayne@example.org,Canada,2023-01-29
5298,David Reed,tapiaaaron@example.net,Honduras,2024-10-06
5299,Ashley Moreno,robertwoodward@example.org,Rwanda,2023-08-17
5300,David Bruce,xhaynes@example.com,San Marino,2023-03-28
5301,Casey Wilkins,vargasbryan@example.net,Bulgaria,2023-07-17
5302,Ethan Owen,louis43@example.org,Western Sahara,2023-06-22
5303,Lauren Moore,shannonedwards@example.org,Mauritania,2023-10-13
5304,Jodi Ford,davislindsey@example.com,Sweden,2024-06-23
5305,Cindy Gates,christopherwright@example.com,Indonesia,2024-02-04
5306,Debbie Ewing,cranemelissa@example.net,San Marino,2024-03-02
5307,Brian Leon,smithmaria@example.org,Bulgaria,2023-06-18
5308,Michael Pace,aguilarjonathan@example.org,Angola,2025-01-22
5309,Matthew Lamb,steinmaria@example.com,British Virgin Islands,2023-02-25
5310,Christopher Berry,ycrawford@example.net,Japan,2023-05-31
5311,Cody Ramirez,austinharvey@example.org,Oman,2023-08-28
5312,Juan Brown,patrick63@example.net,Turks and Caicos Islands,2024-08-29
5313,Zachary Stephens,mayokimberly@example.com,Lesotho,2024-02-27
5314,Dr. Jonathan Price,anthonyharper@example.org,Ukraine,2024-09-08
5315,Robert Ruiz,katie32@example.org,Egypt,2024-05-19
5316,Robert Stark,gallagherstacie@example.net,Tanzania,2025-01-12
5317,Timothy Frey,gregorywatkins@example.net,Qatar,2023-10-14
5318,Michele Bell,annalopez@example.com,Mauritius,2023-09-07
5319,Brandon Hall II,nsmith@example.org,Sri Lanka,2023-04-30
5320,Tamara Richard,brian29@example.net,United States Virgin Islands,2023-05-08
5321,Joseph Diaz,brookssheri@example.com,Namibia,2023-04-08
5322,Chad Moore,fconner@example.net,Ghana,2023-06-01
5323,Melissa Mcfarland,jeffrey92@example.com,Gambia,2024-07-14
5324,Christopher Smith,xrosales@example.net,Antigua and Barbuda,2023-06-07
5325,Robert Carr,zunigadonald@example.net,Belarus,2023-07-17
5326,Mrs. Stacey Davis,sean43@example.org,Puerto Rico,2023-03-15
5327,Brian Smith,akim@example.org,Turks and Caicos Islands,2023-11-23
5328,Heather Bennett,kkramer@example.net,Senegal,2024-06-10
5329,Benjamin Singleton,andrew41@example.org,Guam,2023-05-29
5330,Nicholas Payne,morgantricia@example.com,Romania,2023-02-16
5331,Carmen Preston,brianrivera@example.org,Ireland,2024-06-17
5332,Monica Baker,kenneth10@example.com,Montserrat,2024-03-01
5333,Anthony Smith Jr.,bgonzalez@example.org,Chile,2024-05-05
5334,Kara Wilson,qruiz@example.com,Bermuda,2024-05-08
5335,Jacob James,seanbaker@example.com,Estonia,2023-07-09
5336,Antonio Goodwin,millermaurice@example.net,Isle of Man,2025-01-03
5337,Kristen Randall,rsheppard@example.com,Montserrat,2024-10-30
5338,Blake Orr,shawrachel@example.net,Philippines,2025-01-12
5339,Travis Cole,teresastokes@example.org,Armenia,2023-11-30
5340,Jessica Osborn DDS,luis11@example.com,Moldova,2023-11-11
5341,Donald Ellis,buchanancindy@example.net,Slovenia,2023-11-27
5342,Charles Matthews,buckleyanna@example.org,Solomon Islands,2023-08-22
5343,Hailey Jenkins,kpena@example.net,Lebanon,2023-02-21
5344,Charles Franklin,vwilliams@example.net,Dominica,2023-03-02
5345,Derrick Watson,lisa44@example.com,Tajikistan,2024-01-19
5346,Annette Melton,kevinmanning@example.com,Ethiopia,2024-07-10
5347,Ann Alexander,wfigueroa@example.net,Trinidad and Tobago,2023-10-25
5348,Rick Jones,htaylor@example.net,Antarctica (the territory South of 60 deg S),2023-06-01
5349,Christina Brown,bryantsamantha@example.net,Congo,2023-08-13
5350,Kathy Reid,maldonadojohn@example.com,Nepal,2023-12-17
5351,Karen Arnold,frank41@example.com,Antarctica (the territory South of 60 deg S),2023-11-03
5352,Kenneth Hanna,deborahbyrd@example.com,Pakistan,2023-11-20
5353,Richard Saunders,wellsdavid@example.org,Netherlands Antilles,2024-09-01
5354,Lee Hahn,rodney65@example.com,El Salvador,2023-07-03
5355,Joseph Hanson,smithyvonne@example.com,Monaco,2024-05-12
5356,Elizabeth Rodriguez,rogersjoshua@example.com,Tokelau,2023-08-15
5357,Tiffany Curtis,edwardcannon@example.org,Sri Lanka,2024-10-12
5358,Jennifer Flores,jenniferrios@example.com,Eritrea,2024-11-17
5359,Norman Aguilar,matthewreeves@example.net,Martinique,2024-05-05
5360,Todd Howard,megan82@example.com,Bhutan,2024-01-04
5361,Molly Hansen,staceylam@example.net,Benin,2023-07-06
5362,Seth Fisher,nathan94@example.com,Thailand,2023-04-21
5363,Mark Carpenter,kennedyjames@example.org,Trinidad and Tobago,2024-06-05
5364,Jennifer Pitts,derrickgonzalez@example.com,Montenegro,2024-11-07
5365,Mrs. Shannon White,freemancrystal@example.org,Germany,2024-05-02
5366,Donald Juarez,barbaramoore@example.org,Bulgaria,2024-04-18
5367,Jennifer Sanford,ismith@example.org,Saint Martin,2023-10-24
5368,Frank Whitaker,andrewsmith@example.net,Egypt,2023-07-09
5369,Emily Garcia,gary04@example.com,Korea,2024-07-10
5370,Gail Barron,matthewvalenzuela@example.com,Sao Tome and Principe,2023-06-11
5371,Tamara Powell,jeffreymercer@example.org,Saint Martin,2023-02-10
5372,Barbara Dawson,brooksdanielle@example.net,Nigeria,2023-03-01
5373,Mary Valdez MD,butleromar@example.net,El Salvador,2024-01-06
5374,Michael Mccoy,robert18@example.com,Nigeria,2024-04-11
5375,Ronald Garcia,campbellkristen@example.com,Congo,2024-04-14
5376,Sandra Dudley,jade42@example.org,Mexico,2024-01-22
5377,Timothy Rivera,smithchristopher@example.org,Syrian Arab Republic,2024-03-19
5378,Travis Chan Jr.,conwaydawn@example.com,French Polynesia,2023-08-06
5379,Robert Sawyer,michael56@example.net,Brazil,2023-04-04
5380,Amber Christian,markkline@example.net,Ethiopia,2024-10-28
5381,Robert White,dross@example.com,Syrian Arab Republic,2023-11-02
5382,Rebecca Banks,danielhorton@example.org,Western Sahara,2024-10-03
5383,Thomas Webb,ywhite@example.com,New Zealand,2023-02-15
5384,Sara Mcpherson,timothyfreeman@example.com,Kazakhstan,2023-02-27
5385,Ernest Bush,tiffanysantiago@example.com,Maldives,2024-02-11
5386,Anna Stanley,timothyalvarado@example.net,Hungary,2023-05-13
5387,Stephanie Salazar,schneidereric@example.com,Timor-Leste,2024-01-22
5388,Paul Flores,tara08@example.org,Mexico,2024-05-09
5389,David Stevens,fmiller@example.com,Germany,2023-04-21
5390,Matthew Garcia MD,petersenlatoya@example.net,Northern Mariana Islands,2023-09-04
5391,Christine Powers,michael03@example.com,Greenland,2024-03-09
5392,Kara Sandoval,wwilson@example.net,Cyprus,2023-01-26
5393,Mark Marsh,jacqueline02@example.com,Burundi,2024-09-16
5394,Jennifer King,jacobconrad@example.com,Cuba,2023-12-25
5395,Michelle Rodriguez,owilliams@example.net,Namibia,2023-04-25
5396,Judith Lawrence,tamarasmith@example.net,Australia,2024-03-04
5397,Kevin Glass,heatherthompson@example.org,Bosnia and Herzegovina,2023-11-04
5398,Sonya Gordon,mbarnes@example.net,Serbia,2023-07-25
5399,Grant Phillips,devonmorrison@example.net,Malaysia,2023-08-31
5400,Shannon Joseph,jamesweber@example.com,Poland,2023-10-04
5401,Vicki Santos,williambenson@example.com,Russian Federation,2023-04-19
5402,John Duncan,icraig@example.com,Turkey,2024-10-05
5403,Kelly Johnson,brianbrown@example.com,Sao Tome and Principe,2024-08-21
5404,Miss Brianna Brown,james80@example.com,Suriname,2023-12-21
5405,Megan Hoffman,juliahoffman@example.org,Malawi,2024-08-20
5406,Donna Beck,yhughes@example.net,Germany,2024-12-31
5407,Patrick Harris,ogreer@example.net,Russian Federation,2024-05-12
5408,Kimberly Morrison,kellythompson@example.net,Belarus,2023-06-10
5409,Jose Bennett,qramirez@example.org,Central African Republic,2024-03-26
5410,Gary Mckinney,billmcfarland@example.net,Austria,2024-08-12
5411,Sarah Turner,charles58@example.org,Zimbabwe,2023-06-08
5412,Jonathan Perry,odavis@example.org,Panama,2023-09-24
5413,Daniel Goodwin,wbarajas@example.net,Algeria,2023-04-18
5414,David May,susanfleming@example.com,Hong Kong,2024-11-24
5415,Janice Fernandez,angel85@example.net,Spain,2024-01-31
5416,Mr. Matthew Flores,vaughangary@example.net,Martinique,2023-01-30
5417,Michael Ayala,nhouston@example.net,Switzerland,2024-06-21
5418,Patricia Lucas,burgesseric@example.com,Saint Barthelemy,2023-09-24
5419,Anthony Bauer,andrewsjeremy@example.com,Ireland,2023-11-04
5420,Jessica Smith,nicholsdarlene@example.net,Bahrain,2024-07-30
5421,Mercedes Jones,robertsgina@example.net,Benin,2023-08-18
5422,Jane Short,wellsamanda@example.org,San Marino,2023-11-06
5423,Kimberly Choi,kennetheaton@example.net,Oman,2023-10-24
5424,Kristen Peters,williamsashley@example.com,Mauritania,2024-02-29
5425,Daniel Figueroa,jason82@example.org,Colombia,2023-07-05
5426,Cheyenne White,yorksarah@example.net,Kyrgyz Republic,2024-05-10
5427,Michael King,jessicafreeman@example.com,Guinea-Bissau,2023-04-28
5428,Ariel Harvey,louishayes@example.net,Palestinian Territory,2023-09-05
5429,Krystal Diaz,susan20@example.com,Egypt,2024-08-21
5430,Margaret Hill,dennis57@example.com,Kiribati,2023-10-14
5431,Juan Thompson,wilkinsonmichele@example.org,Uganda,2024-02-22
5432,Stephen Jones,mcclainmelissa@example.net,Antarctica (the territory South of 60 deg S),2024-09-10
5433,Patricia Lewis,arnoldamy@example.net,Latvia,2024-05-17
5434,James Vance,dennis88@example.org,Indonesia,2023-10-17
5435,David Maynard,katherinetaylor@example.org,Christmas Island,2024-03-14
5436,Shelby Thomas,ccrosby@example.org,Senegal,2024-01-16
5437,Jacob Williams,aprilmoody@example.com,Latvia,2024-11-25
5438,Amanda Wong,padillaadrienne@example.com,Syrian Arab Republic,2024-07-20
5439,Laura Bennett,pdiaz@example.org,Maldives,2023-07-27
5440,Courtney Sullivan,tommy79@example.org,Macao,2024-10-30
5441,David Robertson,jason22@example.com,Netherlands,2024-07-02
5442,David Shepherd,olsontimothy@example.org,Nauru,2023-05-22
5443,Alison Williams,dennishunt@example.net,Cameroon,2023-03-06
5444,Christopher Mullen,johnsjessica@example.com,Yemen,2023-03-28
5445,Willie Dillon,jeffreyjenkins@example.org,South Africa,2024-03-25
5446,Lisa Dixon,jennifercooper@example.com,Nepal,2024-03-31
5447,James Rodriguez,alexandrablankenship@example.net,Italy,2024-09-20
5448,Cassandra Valenzuela,richamanda@example.org,Bermuda,2024-01-12
5449,Larry Carey,xboyd@example.org,Qatar,2024-02-16
5450,Robert Clarke,zbell@example.net,United States of America,2024-08-03
5451,Anne Anderson,fcannon@example.com,Netherlands Antilles,2024-10-26
5452,Colin Fletcher,lanedavid@example.org,Honduras,2024-05-17
5453,Emily Cox,ronaldrichards@example.com,Timor-Leste,2024-02-20
5454,Lisa Braun,afischer@example.net,Slovenia,2024-03-07
5455,Justin Webb,becky62@example.net,British Indian Ocean Territory (Chagos Archipelago),2024-07-24
5456,Michael Martin,williamhartman@example.net,Nicaragua,2024-06-17
5457,Caitlyn Oconnell,brockmadeline@example.com,Vanuatu,2024-04-07
5458,Dennis Wood,ramseysarah@example.com,Nicaragua,2024-05-18
5459,Victor Brown,daniellegonzales@example.org,Thailand,2024-05-19
5460,Donna Johnson,christinacraig@example.com,Dominican Republic,2024-05-17
5461,Angie Hill,zgomez@example.com,Namibia,2023-06-20
5462,Michael Calhoun,jessica89@example.com,Guatemala,2024-12-29
5463,Larry Lee,qandrews@example.org,Ireland,2024-01-30
5464,Kathy Morgan,prattsue@example.net,Suriname,2024-08-26
5465,Jeremy Bennett,wcarrillo@example.com,Singapore,2023-12-26
5466,Kevin Johnson,scottpatrick@example.org,Philippines,2024-06-20
5467,Jennifer Gomez,haynesjose@example.com,Bermuda,2023-11-12
5468,Gloria Spencer,thomasgomez@example.net,Ethiopia,2023-06-07
5469,Tara Lee,jimmyallen@example.com,Costa Rica,2023-07-11
5470,Sara Kelly,wilsonchristian@example.net,Lithuania,2024-04-17
5471,Kimberly Williams,uwatson@example.com,Ukraine,2025-01-14
5472,Sheila Henry,raymond92@example.org,Malta,2024-08-31
5473,Joshua Shaw,xdalton@example.org,Kuwait,2025-01-07
5474,Julia Norris,craignicolas@example.org,Greece,2023-10-16
5475,Chelsea Baker,thomas95@example.com,Colombia,2024-01-24
5476,Michael Watson,lramirez@example.net,Bulgaria,2025-01-09
5477,Robin Le,angelachase@example.org,Cameroon,2024-08-31
5478,Kara Smith,oporter@example.net,Martinique,2024-07-04
5479,Elizabeth Hart,rosshannah@example.org,Cuba,2024-09-10
5480,Mark Cole,jordan58@example.net,Venezuela,2024-09-08
5481,Jason Bell,barbarasantos@example.net,China,2025-01-09
5482,Frederick Dixon,ypreston@example.net,France,2023-12-30
5483,Sheena Davidson,robert99@example.com,Thailand,2024-11-18
5484,Greg Edwards,jennifer96@example.com,Tuvalu,2023-12-16
5485,Heidi Matthews,lgutierrez@example.org,Brunei Darussalam,2024-07-10
5486,Teresa Haynes,clarkrandy@example.org,Bahrain,2024-12-09
5487,Anthony Wise,garciachristine@example.org,Palau,2024-12-05
5488,Dave Rojas,isims@example.net,Taiwan,2023-05-29
5489,Howard Herman,imcdonald@example.com,Mexico,2023-12-16
5490,Melissa Thompson,owelch@example.net,Jordan,2024-02-11
5491,Emily Reed,lindaramos@example.com,Isle of Man,2023-08-02
5492,Aaron Ochoa,mauriceharrison@example.org,Portugal,2024-11-29
5493,Karen Smith,myates@example.org,South Africa,2023-01-30
5494,Jason Castro,twright@example.net,Oman,2023-11-05
5495,Dennis Henderson,zacharymarsh@example.net,Sri Lanka,2024-06-15
5496,Matthew Patel,robert12@example.org,French Guiana,2023-04-15
5497,Jesse Graves,blopez@example.org,Australia,2025-01-02
5498,William Campbell,jenniferacosta@example.org,Bermuda,2023-05-15
5499,Glenn Collins DDS,steven05@example.org,Tajikistan,2024-07-26
5500,Derek Long,qwhite@example.com,Switzerland,2023-02-03
5501,Michelle Cruz,cwright@example.org,Kuwait,2024-07-15
5502,Maxwell Clark,tmaldonado@example.com,Cayman Islands,2024-04-28
5503,Timothy Meyer,timothy43@example.com,Tuvalu,2023-03-04
5504,Valerie Young,knguyen@example.com,Myanmar,2023-04-22
5505,Alexa Williams,jbarker@example.com,Sierra Leone,2023-03-31
5506,Brandon Montgomery,browndeanna@example.net,Mauritania,2024-08-25
5507,David Holden,linda73@example.org,Portugal,2023-10-28
5508,Danielle Williams,ihansen@example.net,Liechtenstein,2023-06-12
5509,Gregory Oconnor,mikayla98@example.org,Bangladesh,2024-02-17
5510,Robert Weaver,osmith@example.net,Hong Kong,2024-07-14
5511,Lisa Diaz,malikbrown@example.net,Svalbard & Jan Mayen Islands,2023-11-04
5512,Kathleen Arnold,marcus51@example.org,Mali,2024-05-20
5513,Todd White,harristodd@example.org,Antigua and Barbuda,2024-03-17
5514,Mary Fox,brandon39@example.net,Barbados,2023-02-03
5515,Mary Hebert,mcdonalddanielle@example.com,Moldova,2024-07-21
5516,Samantha Bauer,colonjoseph@example.org,Saint Martin,2023-03-17
5517,Tony Yu,garciajerry@example.com,Comoros,2023-06-15
5518,Laura Meza,xreese@example.net,Morocco,2023-10-13
5519,Maurice Andrade,laurapierce@example.net,Guadeloupe,2024-05-19
5520,Lindsay Mahoney,andrea55@example.com,Serbia,2024-05-01
5521,Erica Allen,nicholaspierce@example.net,Equatorial Guinea,2023-10-15
5522,Tyler Smith,birdcaitlin@example.net,Burkina Faso,2025-01-20
5523,Eric Walker,andrew48@example.net,Moldova,2024-03-17
5524,Anna Stevens,devonrichardson@example.net,Egypt,2023-07-14
5525,Anna Ross,jessicacummings@example.com,China,2024-01-16
5526,Michele Weiss,larsonkevin@example.net,Sri Lanka,2024-03-21
5527,Anthony Wise,nichole66@example.org,Trinidad and Tobago,2024-08-10
5528,Sarah Mcfarland,hbrown@example.org,Ghana,2024-02-23
5529,Jonathan Walker,nunezwendy@example.com,Sao Tome and Principe,2024-04-04
5530,Courtney Roberts,vhernandez@example.org,Lebanon,2024-03-17
5531,James Miller,iayala@example.org,Liberia,2024-03-08
5532,Matthew Gonzalez DDS,johnadams@example.com,Gibraltar,2024-06-08
5533,Ashley Gutierrez,michael55@example.net,Palau,2023-02-11
5534,William Jensen,chanson@example.org,Uzbekistan,2024-09-14
5535,James Todd,rodriguezbrian@example.net,Vanuatu,2023-05-12
5536,Donna Cooper,torresthomas@example.com,Cote d'Ivoire,2024-07-18
5537,Joshua Christensen,jdean@example.net,Qatar,2024-05-27
5538,Taylor Rose,george43@example.net,Niger,2023-08-11
5539,Tony Jones,elizabeth51@example.org,French Guiana,2024-10-20
5540,Crystal James,mckeetodd@example.net,Martinique,2023-03-30
5541,Walter Castro,williamssandra@example.com,Grenada,2024-01-18
5542,Alicia Sutton,colleen38@example.com,Sudan,2023-03-11
5543,James Cooke,raymondstacy@example.org,Canada,2023-10-01
5544,Chad Blair,robertberry@example.com,Georgia,2024-11-20
5545,Joshua Clark,biancasutton@example.org,Tokelau,2023-05-05
5546,Stephanie Browning,xforbes@example.org,Palau,2024-12-07
5547,Emily Grant,whitemary@example.org,Saint Lucia,2023-02-15
5548,William Ali,scott42@example.org,Botswana,2023-05-01
5549,William Jensen,caitlynhall@example.org,Guinea-Bissau,2023-03-24
5550,Brandi Mathis,xjoseph@example.org,Timor-Leste,2023-11-04
5551,Christopher Perez,aduran@example.com,Zambia,2023-11-22
5552,Virginia Todd,thompsonstephanie@example.com,Tonga,2024-04-20
5553,Sharon Clay,csullivan@example.net,Saint Pierre and Miquelon,2024-09-18
5554,Jennifer Crosby,meyershannon@example.org,Turkey,2025-01-21
5555,Jennifer Moss,oblack@example.org,Comoros,2023-08-25
5556,Eric Carey,sjackson@example.net,Uruguay,2023-03-05
5557,Brenda Gallegos,gdavis@example.org,Cocos (Keeling) Islands,2024-08-16
5558,Melissa Taylor,bmorris@example.org,Korea,2024-03-31
5559,Christina Gibson,mario21@example.org,Brazil,2024-06-24
5560,Angela Zimmerman,nicholasjames@example.org,United States Minor Outlying Islands,2023-09-27
5561,Shari Martin,haroldjoseph@example.com,Gambia,2023-09-08
5562,Jill Sims,roachsusan@example.org,Nigeria,2024-08-06
5563,Jonathan Jimenez,franklintrevor@example.org,Namibia,2024-05-21
5564,Jeremy Burke,sanchezamy@example.net,Niue,2024-03-07
5565,Amber Hernandez,benjamin09@example.net,French Southern Territories,2023-09-24
5566,Brian Chaney,emilycarr@example.net,Reunion,2024-04-03
5567,Cassandra Gibson,sarah14@example.com,Heard Island and McDonald Islands,2024-11-11
5568,Olivia Bridges,carterdennis@example.net,Tokelau,2023-08-13
5569,Kelly Dominguez,rodriguezjessica@example.net,Marshall Islands,2025-01-15
5570,Mr. Timothy Andersen,ronald54@example.net,Morocco,2025-01-21
5571,Carl Hart,lvasquez@example.net,Djibouti,2024-06-25
5572,April Johnson,mclaughlinjared@example.net,Israel,2023-11-23
5573,Justin Walsh,davidsonhannah@example.com,Somalia,2023-03-15
5574,Joshua Wang,jenningsmatthew@example.net,Montenegro,2024-04-19
5575,Christopher Rivera,sandra77@example.org,Oman,2023-05-04
5576,Joe Grimes,steven60@example.net,French Southern Territories,2024-03-12
5577,Kristen Smith,lauren51@example.org,Fiji,2024-09-30
5578,James Ferguson,ashleyprice@example.net,Brazil,2024-10-18
5579,Michele Edwards,nelsonchristopher@example.org,Holy See (Vatican City State),2023-12-21
5580,Cindy Turner,brooksbenjamin@example.org,United States Minor Outlying Islands,2023-04-02
5581,Rebecca Stein,jamesmclean@example.net,Tunisia,2024-02-11
5582,Briana Wiggins,jamiejohnson@example.com,Rwanda,2024-10-18
5583,Eric Williams,cookpamela@example.org,Mali,2024-08-07
5584,Alison Blake,manuellee@example.com,Martinique,2023-09-15
5585,Bruce Hernandez,danny98@example.net,Bosnia and Herzegovina,2023-06-25
5586,Fernando Thomas,audrey21@example.com,New Zealand,2024-11-07
5587,Amber Johnson,rodriguezbrian@example.com,India,2023-06-04
5588,Leslie Huff,tjensen@example.com,Svalbard & Jan Mayen Islands,2023-06-18
5589,Rhonda Miller,fbradley@example.net,Lao People's Democratic Republic,2023-04-06
5590,Matthew Miranda,ohall@example.org,Tokelau,2024-11-09
5591,Jack White,kristina57@example.com,Antarctica (the territory South of 60 deg S),2023-03-13
5592,John Singleton,katrina99@example.org,Malawi,2023-04-10
5593,Rebecca Nguyen,sparksamanda@example.com,Nauru,2023-11-23
5594,Kimberly Dickson,njones@example.net,Nauru,2023-12-06
5595,Ms. Gloria Benson,elainemiller@example.net,Montserrat,2024-09-27
5596,Kyle Nguyen,shortgregory@example.com,Bangladesh,2024-04-06
5597,Linda Wilkins,troy01@example.org,Svalbard & Jan Mayen Islands,2023-05-06
5598,Nicole Pacheco,donnachavez@example.com,Iceland,2024-04-18
5599,Daniel Rich,ashley46@example.net,United States Virgin Islands,2023-10-03
5600,Adam Downs,sabbott@example.org,Heard Island and McDonald Islands,2024-11-13
5601,April Castro,daniel40@example.org,Jersey,2024-06-21
5602,Evan Reyes,ngraham@example.net,China,2024-01-07
5603,James Middleton,qmoore@example.org,Burkina Faso,2023-02-02
5604,Brianna Dyer,iproctor@example.org,Burundi,2024-05-08
5605,Jesus Mccormick,dhanson@example.net,Jamaica,2024-03-03
5606,Henry Lopez,lanemelanie@example.org,Rwanda,2024-01-26
5607,Joshua Richardson,carrolljanet@example.org,Mozambique,2024-01-12
5608,Brenda Simon,steven18@example.net,Benin,2023-07-23
5609,Mary Barnett,chloe58@example.org,Latvia,2023-12-22
5610,Laura Rivera,susan44@example.org,Argentina,2024-06-16
5611,Elizabeth Glover,bryan79@example.org,Montserrat,2023-03-03
5612,Rhonda Weber MD,martinezchase@example.com,El Salvador,2023-05-01
5613,Scott Smith,munozrenee@example.net,Canada,2024-05-20
5614,Christopher Patton,toddlloyd@example.org,Guam,2025-01-13
5615,Linda Underwood,amullins@example.com,Dominica,2024-05-21
5616,Carol Lane,brian41@example.org,Chad,2023-12-30
5617,John Vaughan,noahthornton@example.com,Estonia,2023-05-11
5618,Alexandra Ho,ureyes@example.net,Pitcairn Islands,2024-12-23
5619,Joseph Gomez,pbishop@example.com,Grenada,2023-08-10
5620,Dawn Silva,vmejia@example.org,Saint Martin,2024-05-30
5621,Kelly Byrd,lawrencesmith@example.org,Switzerland,2023-03-15
5622,Joseph Jennings,jeffrey44@example.org,Antigua and Barbuda,2023-02-11
5623,Todd Douglas,stephanielittle@example.net,British Indian Ocean Territory (Chagos Archipelago),2023-03-29
5624,Jamie Gallagher,pauladominguez@example.com,French Polynesia,2024-01-01
5625,Margaret Livingston,kayla54@example.org,Slovakia (Slovak Republic),2023-03-20
5626,Janet Cook,scottlisa@example.org,Kazakhstan,2023-03-16
5627,Christina Long,irodriguez@example.com,Cuba,2024-04-17
5628,Jeremy Green,jonesashley@example.com,Singapore,2023-12-16
5629,Brittany Bowman,ortegajoseph@example.net,Greenland,2024-11-16
5630,Kaylee Case,zmendoza@example.net,Slovakia (Slovak Republic),2024-09-09
5631,Darrell Cruz,imartinez@example.com,Grenada,2024-06-06
5632,Mark Benjamin,diazmelissa@example.com,Belgium,2024-09-30
5633,Donna Harris,poncedonna@example.com,Qatar,2023-11-06
5634,Michael Tucker,imoss@example.org,Congo,2023-02-12
5635,Cynthia Price PhD,victor70@example.org,Guadeloupe,2023-03-06
5636,Amanda Wilson,ibentley@example.org,Saint Vincent and the Grenadines,2024-03-23
5637,Amanda Thomas,ruizsamantha@example.org,Ecuador,2024-06-20
5638,Christopher Williams,lori17@example.net,Chile,2024-09-26
5639,Robert Wilson,bryanharris@example.com,Sudan,2024-09-27
5640,Jennifer Martinez,marcoconnell@example.org,Serbia,2023-02-27
5641,Arthur Hill,xjackson@example.net,Chad,2023-12-11
5642,Amanda Garcia,bstrickland@example.com,Belgium,2023-01-29
5643,Brandon Pearson,robert72@example.org,Cambodia,2024-05-06
5644,Jennifer Hurley,carlsonjennifer@example.net,Zambia,2023-03-30
5645,Elizabeth Barnes,jamesdowns@example.org,Niger,2023-10-16
5646,Kimberly Robinson,joshualee@example.org,Poland,2024-10-02
5647,Kathleen Moore,brownmichael@example.org,Jordan,2023-07-27
5648,Stefanie Chavez,yangsara@example.org,Cayman Islands,2024-08-21
5649,Mr. Steven Griffith,robert53@example.org,Greece,2023-07-10
5650,Jason Gonzalez,charlesrichards@example.org,Tuvalu,2023-12-09
5651,Leon Thompson,derek35@example.com,Cook Islands,2023-09-27
5652,Keith Ramirez,yorkstephen@example.org,Senegal,2023-10-03
5653,Lindsey Clarke,belindatran@example.org,Benin,2023-11-21
5654,Shannon Robinson,rhood@example.org,Saint Lucia,2023-12-03
5655,Danielle Hamilton,patriciavargas@example.org,United States Minor Outlying Islands,2024-03-19
5656,William Williams,gquinn@example.org,Jamaica,2024-02-17
5657,Robert Nicholson,fsimpson@example.net,Sao Tome and Principe,2023-02-03
5658,Tiffany Anderson,john10@example.com,Paraguay,2023-09-04
5659,Shannon Burgess,braysteven@example.org,Tunisia,2024-06-21
5660,Seth Sims,daltonchad@example.net,Grenada,2024-02-17
5661,Paul Wolfe,kristinmiller@example.com,Saint Pierre and Miquelon,2024-12-06
5662,Susan Cox,rodriguezmichael@example.net,Armenia,2023-10-19
5663,Justin Jones,devonrogers@example.net,Brazil,2024-05-13
5664,Nicole Pitts,karenhodges@example.com,Guinea,2024-11-11
5665,Jenny Brown,michael78@example.net,Switzerland,2023-04-24
5666,Meghan Patel,shannon51@example.org,Uganda,2024-11-01
5667,James White,rodriguezjoshua@example.net,Cameroon,2024-01-22
5668,Kelly Burton,robert82@example.com,Guatemala,2023-11-28
5669,Alison Lopez,wigginsjesse@example.net,Oman,2023-09-27
5670,Mary Buchanan,swatkins@example.net,Tajikistan,2024-02-29
5671,Keith Villanueva,george43@example.com,Holy See (Vatican City State),2025-01-03
5672,Amber Gomez,nhuber@example.org,Rwanda,2024-02-20
5673,Christopher Erickson,evanwilson@example.com,Morocco,2023-04-27
5674,Cody Hart,wadetiffany@example.org,Holy See (Vatican City State),2023-12-18
5675,Kimberly Martinez,sullivanvictor@example.org,Yemen,2023-12-25
5676,Aaron Rodgers,deborah47@example.com,Western Sahara,2024-07-29
5677,Mary Marsh PhD,hmorgan@example.net,Lesotho,2024-11-13
5678,Juan Parker,owilliamson@example.com,Guinea-Bissau,2023-04-02
5679,Martin Silva,kimberlywang@example.org,Angola,2023-03-27
5680,Megan Rosario,ulee@example.net,Netherlands,2024-02-02
5681,Melvin Sanders,xwood@example.org,Finland,2023-10-04
5682,Jeremy Hoffman,jessicawallace@example.com,Spain,2023-12-14
5683,Nicholas Hurst,ltaylor@example.net,Benin,2023-05-10
5684,William Fox,carl96@example.org,Albania,2023-11-20
5685,Jennifer Peters,jamescollier@example.com,Micronesia,2024-01-18
5686,Elizabeth Richards,dhansen@example.org,Anguilla,2024-08-25
5687,Eric Davidson,qmartinez@example.com,Israel,2023-06-05
5688,Maria Johnson,trevor19@example.net,Guyana,2024-03-24
5689,Sheena Burton,hmccann@example.com,Malaysia,2024-07-13
5690,David Perkins,luisjohns@example.org,Guinea-Bissau,2023-05-24
5691,Jason Barr,brandon48@example.net,Vietnam,2023-03-22
5692,Mark Duran,amybrennan@example.net,South Georgia and the South Sandwich Islands,2023-09-02
5693,Melissa Davis,madeline02@example.net,Finland,2023-10-24
5694,Mr. Thomas Garcia,wesleydecker@example.net,Nicaragua,2024-06-12
5695,Sarah Marquez,butlersabrina@example.org,Svalbard & Jan Mayen Islands,2023-04-30
5696,Gregory Vazquez,lisapreston@example.net,Mali,2024-08-05
5697,Michael Johnson,walkermelissa@example.org,Portugal,2023-07-09
5698,Carlos Miller,joneskim@example.com,Armenia,2023-06-17
5699,Matthew Watkins,qwilson@example.org,Bahrain,2023-09-02
5700,Brent Martinez,brianagonzalez@example.net,Guernsey,2023-02-15
5701,Paul Ramirez,michael89@example.org,Madagascar,2024-03-16
5702,Kenneth Smith,jenniferbrandt@example.org,United Arab Emirates,2024-07-29
5703,Nicholas Glass,lrichardson@example.org,Kazakhstan,2024-05-31
5704,Ruben Zavala,olewis@example.com,Bouvet Island (Bouvetoya),2024-08-03
5705,John Stone,tfarmer@example.com,Moldova,2024-07-05
5706,Johnny Cruz,tburke@example.net,Tajikistan,2023-12-15
5707,Donna Wyatt,melissajacobson@example.com,Wallis and Futuna,2024-06-04
5708,Zachary Vasquez,sandersalexandra@example.net,Belize,2023-04-22
5709,Michael Madden,calvinhester@example.com,Cook Islands,2024-04-03
5710,Barbara Massey DDS,kathy99@example.com,Saudi Arabia,2024-08-24
5711,Jennifer Alvarez,garcher@example.com,Cameroon,2024-08-08
5712,David Crawford,anthonyrojas@example.org,Luxembourg,2024-06-03
5713,Janet Shelton,kevinhanson@example.org,Panama,2024-07-27
5714,Rebecca Harris,qhenry@example.net,Guam,2024-09-07
5715,Alicia Gallagher,hbeard@example.com,Korea,2023-09-11
5716,Joe Johnson,nicole27@example.com,Burkina Faso,2023-09-10
5717,Phillip Carroll,rkeller@example.net,Montserrat,2024-01-03
5718,Brooke Brown,troy69@example.net,Guinea,2024-08-07
5719,Antonio Garza,marybailey@example.net,Myanmar,2023-02-13
5720,Gloria Davis,victoria65@example.org,Panama,2023-07-22
5721,Erik Miller,meltondanny@example.org,Angola,2024-02-22
5722,Matthew Henderson,sadams@example.com,Namibia,2023-02-10
5723,Kelly Morris,stokescraig@example.net,Costa Rica,2023-09-27
5724,Pamela Morgan,michael63@example.com,North Macedonia,2024-10-05
5725,Sara Herrera,joseph49@example.com,Spain,2023-07-09
5726,Anna Richard,vargasjoshua@example.net,Spain,2024-02-17
5727,Gregory Jones,william46@example.net,Mauritius,2023-09-11
5728,David Robertson,nicoleburton@example.net,Tokelau,2023-06-10
5729,Mr. Rodney Hurley III,umichael@example.net,Bahamas,2024-02-10
5730,Charles Hernandez,megan65@example.org,North Macedonia,2023-06-22
5731,Rodney Lucas,gloria36@example.org,Brazil,2023-05-14
5732,Robert Collins,bcastro@example.com,Oman,2024-11-17
5733,Dominic Johnson,donna20@example.net,Libyan Arab Jamahiriya,2024-08-18
5734,Steven Edwards,michelle65@example.net,Palestinian Territory,2024-11-02
5735,Ryan Cameron,danielnavarro@example.org,Mali,2024-05-24
5736,Patricia Fox,pwilkerson@example.net,British Virgin Islands,2024-08-12
5737,Ronnie Mclaughlin,selenarobinson@example.org,China,2023-06-30
5738,Jason Roy,henrynicholas@example.org,Ghana,2024-02-27
5739,David Ramirez,michaelbaldwin@example.com,Angola,2024-05-10
5740,Amanda Stevenson,vazquezkristina@example.org,El Salvador,2024-03-04
5741,Tyler Cox,nicholsjoel@example.com,Iceland,2023-01-30
5742,Tanya Hardin,christopher34@example.org,Tokelau,2024-11-05
5743,Lynn Suarez,rmccormick@example.org,Swaziland,2024-08-16
5744,Norman House MD,gmcdowell@example.org,Qatar,2023-08-03
5745,Jason Daniel,shawn00@example.net,Norway,2023-06-08
5746,Martin Smith,courtneyedwards@example.org,Bouvet Island (Bouvetoya),2023-05-20
5747,Tracy Rivas,melaniejennings@example.com,Korea,2024-01-09
5748,Debbie Mcdaniel,lauren31@example.com,Heard Island and McDonald Islands,2023-06-06
5749,Theresa Wilkerson,andrewjohnson@example.net,Oman,2024-04-16
5750,Brandon Ford,jacqueline20@example.com,Niger,2023-12-04
5751,Brandon Richardson,smithalicia@example.com,Sweden,2024-05-31
5752,Micheal Lee,keith76@example.org,Jersey,2024-10-11
5753,Whitney Campbell,robertortiz@example.org,Antarctica (the territory South of 60 deg S),2023-08-25
5754,Luke Solomon,brandi71@example.org,Latvia,2023-05-02
5755,Michael Mcdaniel,verickson@example.net,Equatorial Guinea,2023-03-19
5756,Amy Galvan,modonnell@example.net,Spain,2024-04-06
5757,Amber King,zturner@example.net,Heard Island and McDonald Islands,2023-05-01
5758,Amanda White,williamconrad@example.com,Bulgaria,2023-03-31
5759,Jessica Green,bradley27@example.com,San Marino,2023-10-15
5760,Steven Baker,zachary62@example.com,Saint Pierre and Miquelon,2025-01-21
5761,Brittany Farrell,jbrown@example.org,Denmark,2023-06-07
5762,Christopher Mcdonald,carneysara@example.org,Kenya,2023-10-12
5763,Karina Vasquez,daviddavis@example.com,Cocos (Keeling) Islands,2024-09-26
5764,Samantha Elliott,brandybonilla@example.net,Seychelles,2024-03-17
5765,Billy Tate,clayanthony@example.net,Pitcairn Islands,2023-04-24
5766,Timothy Rodriguez,eric17@example.net,Palestinian Territory,2024-01-10
5767,Debra Barrett,tara97@example.com,Yemen,2024-07-12
5768,Tina Carroll,michellesolis@example.com,Gibraltar,2024-08-30
5769,Kimberly Guzman,rossgregory@example.com,Benin,2023-02-08
5770,James Powell,davidhenry@example.com,Saint Pierre and Miquelon,2024-09-05
5771,Michael Anderson,collierwilliam@example.com,Kiribati,2024-11-02
5772,Justin Henderson,nshepherd@example.org,Jordan,2024-04-30
5773,Jose Mcpherson,deborahreeves@example.com,Malta,2024-04-29
5774,Donna Kim,ievans@example.net,United Kingdom,2023-09-01
5775,Jeffrey Carroll,lowerywilliam@example.net,Jamaica,2023-11-22
5776,Nathan Hess,jonathan18@example.org,Brazil,2024-07-19
5777,Richard Cameron,millernancy@example.com,Germany,2024-03-29
5778,Michael Hanson,matthew23@example.org,Belgium,2024-07-24
5779,Shelby Rodriguez,smithdarryl@example.org,Palau,2024-01-08
5780,Sheila Church,nturner@example.com,Portugal,2024-05-31
5781,Jennifer Turner,dereklee@example.org,Qatar,2025-01-03
5782,Christine Wong,ryangarrett@example.net,Comoros,2023-03-28
5783,Brittany Henderson,martinelijah@example.net,Kenya,2024-12-29
5784,Scott Richards,kennethgallegos@example.com,Austria,2023-09-26
5785,Ryan Reynolds,vallison@example.net,Nepal,2024-07-12
5786,Mrs. Jennifer Palmer DDS,dhall@example.net,Andorra,2023-11-29
5787,Arthur Orozco,hsmall@example.com,Nigeria,2024-12-11
5788,Michael Smith,jessica75@example.com,Djibouti,2024-01-31
5789,Melinda Dorsey,sanderson@example.net,Rwanda,2023-11-06
5790,Todd Delgado,laura29@example.org,Finland,2024-06-12
5791,John Thompson,catherinegarcia@example.com,Western Sahara,2025-01-20
5792,Daniel Williams,howardjose@example.net,Cayman Islands,2023-06-01
5793,Kathy Roman,ryan93@example.org,Monaco,2023-07-07
5794,Gerald Kelly,carrilloangela@example.org,Timor-Leste,2024-06-12
5795,Maureen Mccarthy,wlloyd@example.org,Botswana,2024-08-18
5796,Shannon Garcia,romerogary@example.org,Trinidad and Tobago,2023-06-24
5797,Nicholas Erickson,goconnor@example.org,Oman,2023-10-17
5798,Barbara Harris,ahammond@example.org,Syrian Arab Republic,2024-09-07
5799,Jonathan Miller,jennifer65@example.net,Papua New Guinea,2023-07-23
5800,Kendra Cobb,lauriegutierrez@example.com,Ukraine,2023-12-26
5801,Rebecca Cox,ramoskayla@example.net,Sri Lanka,2024-02-07
5802,George Morales,ryanlong@example.org,Panama,2024-11-29
5803,Kenneth Levine,robert84@example.net,Samoa,2023-09-11
5804,Ronald Mccullough,isabellagriffin@example.org,Tuvalu,2024-02-26
5805,Marissa Terry,trowe@example.org,Argentina,2024-02-21
5806,Nathan Hobbs,jason88@example.com,Mali,2023-10-01
5807,Allison Zamora,john46@example.net,Bouvet Island (Bouvetoya),2024-07-13
5808,Debbie Romero,williamsdebra@example.org,Kiribati,2023-08-30
5809,Jody Bird,michaelmitchell@example.net,Montserrat,2024-05-30
5810,Kelly Wright,zachary35@example.com,Bolivia,2023-05-12
5811,Jason Davis,ebeasley@example.org,Kiribati,2023-03-23
5812,Jennifer Hansen,lwiggins@example.com,North Macedonia,2023-11-30
5813,Timothy Burns,jcolon@example.net,Brunei Darussalam,2024-01-14
5814,Walter Palmer,bensonstanley@example.org,San Marino,2023-05-19
5815,Tammy Wilson,xrodriguez@example.net,French Guiana,2023-02-23
5816,Jacob Ritter,kelly02@example.org,Slovenia,2024-03-31
5817,Steven Small,isaacsingh@example.org,British Virgin Islands,2024-02-29
5818,Andrew Olson,ariel56@example.com,Syrian Arab Republic,2024-07-04
5819,Pamela Wagner,qgill@example.com,Canada,2024-10-19
5820,Robert Beck,zhughes@example.com,Mauritius,2023-02-27
5821,Jessica Ramirez,clinejasmine@example.net,Norfolk Island,2024-08-28
5822,Kristina Martinez,leechristine@example.net,Saudi Arabia,2023-03-04
5823,Chelsey Alvarez,martinezsharon@example.org,Andorra,2023-08-13
5824,Ronald Combs,imiller@example.net,Gibraltar,2023-11-14
5825,Scott Johnson,bwhite@example.net,Ghana,2023-10-31
5826,William Weaver,douglas41@example.org,Gambia,2024-12-21
5827,Amy Woodward,anthonybrown@example.com,Bolivia,2023-09-15
5828,Frederick Bennett,williamsjohn@example.net,Namibia,2023-07-16
5829,Kathy Avery,bruce78@example.com,Bahrain,2024-01-13
5830,David Mercado,angela91@example.org,Serbia,2024-03-05
5831,Elizabeth Russell,mathisvincent@example.org,Holy See (Vatican City State),2024-02-24
5832,David Cisneros,dwilliams@example.net,French Guiana,2024-05-16
5833,Antonio Weeks,carla65@example.net,Croatia,2024-03-27
5834,Amber Stevenson,turnerrandall@example.org,Switzerland,2023-05-07
5835,Diana Reynolds,nicole54@example.net,Korea,2023-08-12
5836,Erica Clark,allen20@example.net,Lebanon,2023-01-28
5837,Christopher Peters,ifarmer@example.org,Solomon Islands,2024-10-26
5838,Kimberly Stafford,wchambers@example.com,Sweden,2024-04-08
5839,Ryan Cain,martinezmitchell@example.org,Kenya,2023-01-31
5840,Olivia Becker,james94@example.net,Cyprus,2023-07-15
5841,Jack Campbell DVM,adrianjoyce@example.net,Indonesia,2023-04-16
5842,Jonathan Jackson,donnaknight@example.net,Netherlands,2024-03-13
5843,Carl Brown,sarah38@example.net,Slovenia,2023-08-13
5844,Allison Booker,erin70@example.com,Norway,2024-05-31
5845,Sarah Morris,rhill@example.net,Lao People's Democratic Republic,2024-01-22
5846,Amanda Griffith,ramirezrobert@example.com,Germany,2023-01-28
5847,Brad Armstrong,mooneyjeremiah@example.net,Jamaica,2024-12-25
5848,Christina Murphy,garrettcolin@example.com,Jersey,2024-09-06
5849,Lori Cook,john73@example.com,Syrian Arab Republic,2023-03-05
5850,Robert Harding,oduran@example.com,Mozambique,2023-04-26
5851,Sydney Bennett,pattonbryan@example.com,Azerbaijan,2023-09-02
5852,Andrea Byrd,phillipspatrick@example.org,Niger,2024-07-27
5853,Kyle Keller,chavezsteven@example.com,Turkmenistan,2024-04-22
5854,Matthew Lowe,gibsonmark@example.org,Botswana,2023-04-10
5855,Andrea Clarke,rebeccamartinez@example.net,Equatorial Guinea,2023-10-11
5856,Mr. Cody Taylor,brownlarry@example.com,Malaysia,2024-12-26
5857,Emily Mcclure,dylanparker@example.com,French Guiana,2023-10-21
5858,Kevin Gregory,younglori@example.net,Togo,2023-03-05
5859,William Davidson,kristenpeterson@example.net,Lebanon,2024-06-15
5860,Ms. Erin Lane,christina65@example.org,Bosnia and Herzegovina,2023-12-23
5861,Amanda Robinson,fowlerheather@example.com,Nigeria,2023-06-29
5862,Dr. Robert Aguirre,lharris@example.org,Guyana,2023-02-01
5863,Justin Thomas,llee@example.com,Aruba,2025-01-06
5864,Duane Robinson,jennifer58@example.org,Christmas Island,2023-06-17
5865,Dennis Garcia,nicholascobb@example.org,Guadeloupe,2024-12-09
5866,David Pacheco,shelleyrowland@example.net,Turkmenistan,2023-12-08
5867,Bailey Andrade,lauralee@example.com,Puerto Rico,2023-10-25
5868,Vanessa Sanchez,hinesbrenda@example.net,French Polynesia,2024-08-24
5869,Anthony Flynn,melissaschmitt@example.com,Cote d'Ivoire,2024-07-09
5870,Rachel Mendez,williampotter@example.net,Sao Tome and Principe,2024-02-01
5871,Mr. Frank Brooks DDS,lwells@example.com,Northern Mariana Islands,2024-11-28
5872,Amanda Robinson,shannonyoung@example.org,Gambia,2023-12-01
5873,Christopher Kirby,andrea21@example.com,Kenya,2024-02-08
5874,Andrew Hunt,ronald76@example.com,Heard Island and McDonald Islands,2024-09-04
5875,James White,josephjones@example.org,French Polynesia,2024-10-01
5876,Maria Hartman,coreyjones@example.org,Mayotte,2023-06-20
5877,Gary Turner,james92@example.net,Saint Vincent and the Grenadines,2024-02-26
5878,Randy Campbell,krista66@example.net,Saudi Arabia,2024-05-18
5879,Jose Juarez,michelleperez@example.net,San Marino,2023-06-27
5880,Kevin Tran,dsharp@example.com,Somalia,2023-03-28
5881,Jessica Mcmahon,cclark@example.net,Antarctica (the territory South of 60 deg S),2023-10-25
5882,Bethany Harding,porterdonna@example.com,Guadeloupe,2023-07-08
5883,Paul Farmer,mark09@example.org,Uzbekistan,2023-05-06
5884,Wendy Carroll,nbaird@example.com,Bahrain,2024-02-19
5885,Brian Hudson,tfowler@example.org,Chile,2023-04-11
5886,Amanda Barker,mjohnson@example.org,United States Minor Outlying Islands,2024-12-28
5887,David Keller,gibsonmiguel@example.org,Chile,2023-09-20
5888,Jeanne Mayo,amandamendoza@example.org,Iceland,2024-12-23
5889,Beverly Harris,qmeyers@example.com,Cayman Islands,2024-04-10
5890,Laurie Shaw,ahill@example.org,Kiribati,2023-03-12
5891,Robert Fox,kstevens@example.org,Saint Pierre and Miquelon,2023-04-01
5892,Tamara Reed,peter26@example.org,Christmas Island,2024-11-12
5893,Judith Bartlett,hollydavis@example.net,Yemen,2023-02-25
5894,Brooke Khan,elizabeth13@example.com,Isle of Man,2025-01-19
5895,Whitney Jones,gordonkimberly@example.com,Korea,2023-05-25
5896,Andrew Johnson,vjames@example.com,Togo,2023-06-16
5897,David Fletcher,markgoodman@example.com,Kyrgyz Republic,2023-03-15
5898,Dana Dodson,thomasramirez@example.org,Chile,2024-09-28
5899,Cassandra Martinez,qjackson@example.org,Philippines,2023-08-12
5900,Christopher Klein,scottwilliams@example.net,Sudan,2024-02-11
5901,Mary Garcia,scott90@example.org,Sierra Leone,2023-10-27
5902,David Kerr,christopherfisher@example.org,Guadeloupe,2024-09-15
5903,Amy Benjamin,roblesmaria@example.org,Saint Kitts and Nevis,2023-05-27
5904,Brian Murphy,colleenvilla@example.com,Wallis and Futuna,2023-12-03
5905,Brian Morris,moralesleslie@example.com,Croatia,2023-12-26
5906,Robert Santos,bradley36@example.com,Seychelles,2024-04-06
5907,Mrs. Kimberly Mooney,johnathandavis@example.com,Norfolk Island,2024-06-17
5908,Valerie Benson,gregory57@example.org,Grenada,2023-02-06
5909,Joann Dixon,wesleybush@example.org,Djibouti,2023-02-09
5910,Becky Young,ntodd@example.org,Bahamas,2023-05-05
5911,Mr. James May II,vstevenson@example.org,Fiji,2023-09-14
5912,Amanda Conner,swong@example.org,Denmark,2024-10-05
5913,David Ryan,lauriehorton@example.org,New Caledonia,2024-10-23
5914,Catherine Soto,kanechad@example.org,Austria,2024-05-02
5915,Dan Davis,joelmiller@example.net,Lao People's Democratic Republic,2023-09-09
5916,Danielle Thompson,kevinray@example.net,Cook Islands,2023-08-11
5917,Angela Kaufman,egray@example.com,Jamaica,2024-01-29
5918,Paige Weiss,ysmith@example.com,Timor-Leste,2023-03-26
5919,Elizabeth Medina,jonathanford@example.com,Finland,2023-10-26
5920,Andrea Taylor,mgonzalez@example.org,American Samoa,2024-10-15
5921,Jacqueline Sullivan,vbentley@example.com,Hungary,2024-01-17
5922,Leah Ortiz,riddledavid@example.net,Central African Republic,2023-06-15
5923,David Gentry,william75@example.net,Azerbaijan,2024-05-14
5924,Nancy Allen,dorseymichael@example.net,Philippines,2023-02-14
5925,Brittany Jacobs,jonathanguzman@example.net,Tajikistan,2023-05-23
5926,Brandon Dawson,lsanders@example.org,Maldives,2024-11-20
5927,Carol Simmons,vincent86@example.net,Gambia,2024-07-14
5928,Tammy Booth,fieldskimberly@example.com,Suriname,2023-05-09
5929,Tara Sanders,adam27@example.org,Bhutan,2023-03-17
5930,Kelly Pena,xjackson@example.org,Romania,2023-05-03
5931,Mr. Brian Bradley,jacobbrown@example.org,Sudan,2024-08-01
5932,Steven Ortiz,oneillgabriel@example.com,Belize,2023-10-28
5933,Gordon Richards,wwashington@example.org,Algeria,2023-03-10
5934,Adrienne Aguilar,davisalexa@example.org,Honduras,2024-04-09
5935,Dr. Tara Kennedy,cassandra55@example.net,Tuvalu,2023-10-02
5936,David Ward,dgray@example.com,Tunisia,2023-09-23
5937,Jesus Hale,anthonymartinez@example.net,Fiji,2024-12-20
5938,Danielle Hayes,qrobertson@example.org,Afghanistan,2025-01-14
5939,Robin Smith,morgan57@example.org,New Caledonia,2024-01-14
5940,Rebecca Bailey,shatfield@example.org,Saint Martin,2023-11-02
5941,Michelle Kane,andersonlaura@example.com,Syrian Arab Republic,2024-05-31
5942,Shelly Jackson,efriedman@example.net,Mauritius,2023-07-20
5943,Paul Keller,garciavictoria@example.org,Central African Republic,2024-12-04
5944,James Ramirez,elizabeth12@example.net,North Macedonia,2024-07-08
5945,Michael Wiggins,schneidernicholas@example.net,Samoa,2024-07-16
5946,Martin Hoffman,ostokes@example.com,Brazil,2023-08-25
5947,Gerald Vargas,juliewilson@example.com,Brunei Darussalam,2024-10-09
5948,Laura Smith,lawrencejames@example.com,Jamaica,2023-09-15
5949,Michael Hogan,danielsmith@example.com,Germany,2023-05-10
5950,Sara Porter,shernandez@example.org,San Marino,2024-05-25
5951,Michele George,wayne14@example.net,Montserrat,2024-01-09
5952,Kathleen Padilla,zbrown@example.com,Cape Verde,2024-09-21
5953,Nicholas Cochran,leblanckimberly@example.com,Saint Lucia,2023-11-07
5954,Miss Sarah Ritter,rrogers@example.com,Guernsey,2024-07-31
5955,Joseph Campbell,jacquelinekelley@example.org,Bulgaria,2023-09-18
5956,Sharon Brown,stephen29@example.org,Kenya,2024-06-16
5957,Charles Robinson,jillsmith@example.net,Togo,2024-03-20
5958,Virginia Hernandez,kshelton@example.org,Bhutan,2023-10-11
5959,Tony Wilson,brittney26@example.org,Antigua and Barbuda,2023-04-21
5960,Eric Carlson,denisebennett@example.net,South Africa,2024-05-29
5961,John Meyers,phill@example.com,Heard Island and McDonald Islands,2023-02-02
5962,Bryan May,andrewberry@example.net,Lesotho,2023-08-13
5963,Rebecca White,scooke@example.com,French Southern Territories,2024-03-17
5964,Arthur Stout,richardhaynes@example.com,Moldova,2024-09-13
5965,Kerri Brown,molinajared@example.net,Ukraine,2023-04-20
5966,Melissa Smith,hmcbride@example.org,Brunei Darussalam,2024-03-20
5967,Anita Scott,millerdavid@example.com,Haiti,2024-12-31
5968,William Barrett,kevinshah@example.net,United Kingdom,2024-08-19
5969,Jill Ray,alexandra59@example.net,Malawi,2023-06-27
5970,Robert Young,donaldchase@example.org,Burkina Faso,2024-04-09
5971,Ian Anderson,qjones@example.com,Hong Kong,2024-05-13
5972,Jesus Duffy,jbentley@example.net,Costa Rica,2023-03-17
5973,Whitney Terry,jenniferelliott@example.net,Swaziland,2024-02-02
5974,Roberto Stewart,mgray@example.org,Belarus,2023-08-10
5975,Melinda Russell,danielle55@example.com,Cameroon,2024-10-21
5976,Adam Bennett,nicholasgarcia@example.org,China,2024-02-13
5977,Leah Roman,ricejackie@example.com,Micronesia,2023-08-11
5978,Anthony Stewart,zwhite@example.net,Philippines,2025-01-01
5979,Linda Atkinson,qvargas@example.org,Poland,2024-02-04
5980,Cameron Gray,brian53@example.net,New Caledonia,2023-11-26
5981,Jeffrey Gomez,rshaw@example.com,Mali,2024-12-13
5982,Robin Torres,mezarichard@example.com,Tanzania,2023-03-31
5983,Nicholas Duffy,barbaramiller@example.com,Micronesia,2024-12-04
5984,Alexandra Vaughan,timothyrobertson@example.net,Tuvalu,2024-02-18
5985,Adrian Lee,kleinjacqueline@example.net,Guatemala,2023-07-22
5986,Tiffany Morrow,lawsontami@example.net,Venezuela,2024-10-30
5987,Courtney Jones,williefarley@example.com,Lithuania,2023-10-29
5988,Brian Sloan,marierosales@example.org,French Guiana,2023-08-31
5989,Daniel Rojas,trobinson@example.net,Malaysia,2024-09-19
5990,Joel Williamson,abrown@example.net,Kuwait,2023-09-22
5991,Aaron Zamora,richardsmith@example.com,Liechtenstein,2023-06-18
5992,Stephanie Jenkins,xsmith@example.net,El Salvador,2023-07-09
5993,Edwin Patterson,amandaadams@example.com,Palestinian Territory,2024-09-29
5994,Hector Hamilton,nicole31@example.org,Finland,2023-02-23
5995,Patrick Santana,elizabethvaughan@example.net,Ethiopia,2023-04-21
5996,Jon Maldonado Jr.,vshaw@example.com,Bulgaria,2023-04-15
5997,Alex Moore,saundersjoel@example.net,Switzerland,2023-10-02
5998,Nancy Hamilton,justin16@example.org,Niger,2023-05-16
5999,Danielle Wang,virginia36@example.org,Lebanon,2024-06-24
